City_ID,City,Country,Date,Lat,Lng,Max Temp,Humidity,Cloudiness,Wind Speed
0,Cape Town,ZA,2022-02-02 04:07:05,-33.9258,18.4232,68.34,83,69,3.0
1,Bluff,NZ,2022-02-02 04:07:06,-46.6,168.3333,70.81,92,92,7.45
2,Tuktoyaktuk,CA,2022-02-02 04:07:06,69.4541,-133.0374,-27.72,100,100,4.65
3,Nikolskoye,RU,2022-02-02 04:02:32,59.7035,30.7861,24.69,98,99,2.26
4,Miri,MY,2022-02-02 04:07:07,4.4148,114.0089,85.3,70,97,4.5
5,Longyearbyen,SJ,2022-02-02 04:03:53,78.2186,15.6401,19.24,79,75,8.05
6,Rozvadiv,UA,2022-02-02 04:07:07,49.5,23.6167,32.72,72,100,19.48
7,Severo-Kurilsk,RU,2022-02-02 04:07:07,50.6789,156.125,31.26,74,100,9.53
8,Dunedin,NZ,2022-02-02 04:07:08,-45.8742,170.5036,79.92,52,70,12.37
9,Busselton,AU,2022-02-02 04:07:08,-33.65,115.3333,82.04,33,37,11.01
10,Krasnoselkup,RU,2022-02-02 04:07:09,65.7,82.4667,-15.86,100,95,3.49
11,Bredasdorp,ZA,2022-02-02 04:04:04,-34.5322,20.0403,70.9,82,20,4.56
12,Hobart,AU,2022-02-02 04:02:26,-42.8794,147.3294,67.01,43,75,1.99
13,Iqaluit,CA,2022-02-02 04:07:09,63.7506,-68.5145,-5.31,70,100,17.0
14,Victoria,HK,2022-02-02 04:05:58,22.2855,114.1577,62.26,90,100,1.01
15,Ushuaia,AR,2022-02-02 04:07:10,-54.8,-68.3,42.46,70,75,32.21
16,Ancud,CL,2022-02-02 04:04:47,-41.8697,-73.8203,59.23,93,100,2.62
17,Burnie,AU,2022-02-02 04:07:10,-41.0667,145.9167,70.92,39,43,13.09
18,Hilo,US,2022-02-02 04:07:11,19.7297,-155.09,73.13,84,20,5.75
19,Guilin,CN,2022-02-02 04:07:11,25.2819,110.2864,39.97,86,100,7.18
20,Prince Rupert,CA,2022-02-02 04:05:04,54.3161,-130.3201,33.3,83,100,5.84
21,Kapaa,US,2022-02-02 04:07:12,22.0752,-159.319,76.98,74,75,1.01
22,Atuona,PF,2022-02-02 04:07:12,-9.8,-139.0333,78.62,78,7,17.36
23,Mazamari,PE,2022-02-02 04:07:13,-11.3258,-74.5308,67.15,99,100,0.87
24,Igurubi,TZ,2022-02-02 04:07:13,-4.0,33.7,62.33,94,100,3.36
25,Te Anau,NZ,2022-02-02 04:07:13,-45.4167,167.7167,65.26,99,100,3.51
26,Faanui,PF,2022-02-02 04:06:33,-16.4833,-151.75,81.16,76,10,20.2
27,Punta Arenas,CL,2022-02-02 04:07:14,-53.15,-70.9167,44.71,70,40,13.8
28,Kulhudhuffushi,MV,2022-02-02 04:07:14,6.6221,73.07,81.64,74,17,13.42
29,Grants Pass,US,2022-02-02 04:03:02,42.439,-123.3284,39.43,73,100,1.01
30,Barrow,US,2022-02-02 04:07:15,71.2906,-156.7887,-16.58,69,75,9.22
31,Touros,BR,2022-02-02 04:07:15,-5.1989,-35.4608,76.1,80,56,8.61
32,Ibra,OM,2022-02-02 04:07:16,22.6906,58.5334,71.73,26,5,1.99
33,Birnin Kebbi,NG,2022-02-02 04:07:16,12.4539,4.1975,60.82,17,92,8.55
34,Sao Filipe,CV,2022-02-02 04:07:17,14.8961,-24.4956,73.04,76,8,12.64
35,Windsor,CA,2022-02-02 04:04:53,42.3001,-83.0165,43.14,83,100,9.22
36,North Bend,US,2022-02-02 04:04:08,43.4065,-124.2243,42.71,95,100,4.61
37,Sinnamary,GF,2022-02-02 04:07:17,5.3833,-52.95,77.43,81,94,11.7
38,Astoria,US,2022-02-02 04:07:18,46.1879,-123.8313,43.86,91,100,5.75
39,Georgetown,MY,2022-02-02 04:07:18,5.4112,100.3354,88.9,68,20,1.99
40,Kumylzhenskaya,RU,2022-02-02 04:07:18,49.8809,42.5898,33.98,96,100,11.65
41,Mataura,NZ,2022-02-02 04:07:19,-46.1927,168.8643,70.48,48,94,9.62
42,Port Alfred,ZA,2022-02-02 04:07:19,-33.5906,26.891,77.36,74,98,7.54
43,Comodoro Rivadavia,AR,2022-02-02 04:07:19,-45.8667,-67.5,67.86,34,0,13.8
44,Saint George,US,2022-02-02 04:07:20,37.1041,-113.5841,41.63,27,0,4.0
45,Hermanus,ZA,2022-02-02 04:07:20,-34.4187,19.2345,67.89,86,2,6.26
46,Puerto Ayora,EC,2022-02-02 04:06:01,-0.7393,-90.3518,73.54,96,100,3.0
47,Kousseri,CM,2022-02-02 04:04:39,12.0769,15.0306,61.02,26,7,6.87
48,Laguna,US,2022-02-02 04:08:21,38.421,-121.4238,55.42,35,0,5.99
49,Ponta Do Sol,PT,2022-02-02 04:08:21,32.6667,-17.1,66.13,54,100,11.59
50,Broken Hill,AU,2022-02-02 04:08:22,-31.95,141.4333,72.68,24,98,19.37
51,New Norfolk,AU,2022-02-02 04:08:22,-42.7826,147.0587,66.65,36,85,1.99
52,Hami,CN,2022-02-02 04:08:23,42.8,93.45,25.88,26,100,0.85
53,Salina Cruz,MX,2022-02-02 04:08:23,16.1667,-95.2,76.41,85,2,8.37
54,Talnakh,RU,2022-02-02 04:08:24,69.4865,88.3972,4.21,96,100,7.07
55,Rikitea,PF,2022-02-02 04:08:24,-23.1203,-134.9692,78.39,69,93,4.9
56,Arman,RU,2022-02-02 04:08:24,59.7,150.1667,7.63,77,97,13.0
57,College Place,US,2022-02-02 04:08:25,46.0493,-118.3883,38.39,79,100,5.75
58,Upernavik,GL,2022-02-02 04:08:25,72.7868,-56.1549,-13.4,72,100,5.26
59,Saskylakh,RU,2022-02-02 04:08:25,71.9167,114.0833,-28.35,100,47,1.99
60,Hasaki,JP,2022-02-02 04:08:26,35.7333,140.8333,52.29,31,0,23.55
61,Tasiilaq,GL,2022-02-02 04:08:26,65.6145,-37.6368,12.36,78,100,3.96
62,Codrington,AU,2022-02-02 04:08:26,-38.2667,141.9667,62.22,52,96,14.52
63,Bengkulu,ID,2022-02-02 04:08:27,-3.8004,102.2655,77.02,75,100,6.6
64,Chapais,CA,2022-02-02 04:08:27,49.7834,-74.8492,22.78,87,100,17.92
65,Geraldton,AU,2022-02-02 04:08:28,-28.7667,114.6,104.41,14,1,19.57
66,Baherden,TM,2022-02-02 04:08:29,38.4362,57.4316,45.7,45,0,3.38
67,Hofn,IS,2022-02-02 04:03:44,64.2539,-15.2082,26.94,72,45,7.14
68,Sehithwa,BW,2022-02-02 04:08:29,-20.4667,22.7167,66.79,93,1,6.4
69,Muscat,OM,2022-02-02 04:08:29,23.6139,58.5922,71.62,54,2,7.58
70,Port Hardy,CA,2022-02-02 04:08:30,50.6996,-127.4199,39.76,80,81,0.58
71,Mecca,SA,2022-02-02 04:08:30,21.4267,39.8261,66.97,40,0,0.94
72,Qaanaaq,GL,2022-02-02 04:08:31,77.484,-69.3632,-21.24,65,100,10.63
73,Nzega,RW,2022-02-02 04:08:31,-2.479,29.5564,55.72,89,100,4.34
74,Inuvik,CA,2022-02-02 04:08:32,68.3499,-133.7218,-16.65,100,100,2.73
75,Bilma,NE,2022-02-02 04:03:37,18.6853,12.9164,51.94,24,0,4.29
76,Manicore,BR,2022-02-02 04:08:32,-5.8092,-61.3003,73.15,99,97,1.57
77,Cravo Norte,CO,2022-02-02 04:08:33,6.3017,-70.2041,81.9,38,67,5.97
78,Katsuura,JP,2022-02-02 04:03:51,35.1333,140.3,50.14,35,0,10.85
79,Monteagudo,BO,2022-02-02 04:08:33,-19.8167,-63.9833,61.63,92,28,2.98
80,Shimsk,RU,2022-02-02 04:08:33,58.212,30.7127,15.49,97,100,4.63
81,Zhangye,CN,2022-02-02 04:03:49,38.9342,100.4517,31.77,20,22,5.19
82,Yellowknife,CA,2022-02-02 04:08:34,62.456,-114.3525,-31.45,73,16,4.0
83,Road Town,VG,2022-02-02 04:05:39,18.4167,-64.6167,75.99,76,4,12.91
84,Vaini,TO,2022-02-02 04:08:35,-21.2,-175.2,84.36,74,20,5.75
85,Kodiak,US,2022-02-02 04:08:35,57.79,-152.4072,36.91,87,100,10.36
86,Sao Felix Do Xingu,BR,2022-02-02 04:08:35,-6.6447,-51.995,70.39,99,100,0.83
87,Rio Grande,BR,2022-02-02 04:08:26,-32.035,-52.0986,66.94,70,0,10.2
88,Mehamn,NO,2022-02-02 04:08:36,71.0357,27.8492,15.75,79,0,8.05
89,Coquimbo,CL,2022-02-02 04:07:58,-29.9533,-71.3436,62.33,88,0,1.14
90,Dikson,RU,2022-02-02 04:08:36,73.5069,80.5464,1.33,94,100,15.84
91,Necochea,AR,2022-02-02 04:08:36,-38.5473,-58.7368,60.04,74,75,7.38
92,Ilulissat,GL,2022-02-02 04:09:37,69.2167,-51.1,5.02,51,100,10.36
93,Harper,LR,2022-02-02 04:09:38,4.375,-7.7169,77.79,82,100,2.46
94,Chokurdakh,RU,2022-02-02 04:09:38,70.6333,147.9167,-7.89,95,100,5.68
95,Dingle,PH,2022-02-02 04:09:38,10.9995,122.6711,84.72,64,100,12.84
96,San Quintin,MX,2022-02-02 04:09:39,30.4833,-115.95,58.66,67,66,8.75
97,Fond Du Lac,US,2022-02-02 04:09:39,43.775,-88.4388,28.78,58,75,13.8
98,Dargaville,NZ,2022-02-02 04:09:40,-35.9333,173.8833,80.83,46,100,11.21
99,Wasilla,US,2022-02-02 04:05:50,61.5814,-149.4394,26.73,82,100,6.91
100,San Miguelito,PA,2022-02-02 04:09:40,9.0333,-79.5,75.92,79,20,3.44
101,Pisco,PE,2022-02-02 04:09:41,-13.7,-76.2167,69.85,78,20,10.36
102,Lavrentiya,RU,2022-02-02 04:06:38,65.5833,-171.0,-1.64,84,1,13.82
103,Arraial Do Cabo,BR,2022-02-02 04:09:41,-22.9661,-42.0278,75.69,87,100,7.34
104,Mar Del Plata,AR,2022-02-02 04:09:41,-38.0023,-57.5575,69.1,89,0,4.0
105,Gamba,GA,2022-02-02 04:09:42,-2.65,10.0,76.78,88,100,4.12
106,Esperance,AU,2022-02-02 04:09:42,-33.8667,121.9,71.96,47,16,21.52
107,Boende,CD,2022-02-02 04:07:52,-0.2167,20.8667,77.0,50,100,2.89
108,Haines Junction,CA,2022-02-02 04:09:30,60.7522,-137.5108,-4.31,92,100,1.36
109,Gravelbourg,CA,2022-02-02 04:09:43,49.8834,-106.5512,-8.97,91,80,11.92
110,Chicama,PE,2022-02-02 04:09:43,-7.8447,-79.1469,63.14,68,11,5.99
111,Wajima,JP,2022-02-02 04:09:44,37.4,136.9,38.37,85,100,13.85
112,San Cristobal,VE,2022-02-02 04:09:44,7.7669,-72.225,69.98,62,89,1.77
113,Mount Darwin,ZW,2022-02-02 04:09:44,-16.7725,31.5838,64.26,98,1,2.26
114,Daru,PG,2022-02-02 04:09:45,-9.0763,143.2092,74.84,91,100,11.27
115,Olga,RU,2022-02-02 04:09:45,43.7444,135.2892,20.7,45,1,14.38
116,Whitehorse,CA,2022-02-02 04:09:45,60.7161,-135.0538,-2.97,66,100,17.0
117,Cidreira,BR,2022-02-02 04:09:46,-30.1811,-50.2056,72.88,77,0,14.25
118,Kerema,PG,2022-02-02 04:09:46,-7.9631,145.7785,78.42,81,100,11.83
119,Sarkand,KZ,2022-02-02 04:09:47,45.41,79.9186,21.25,71,60,4.38
120,Lincoln,US,2022-02-02 04:07:34,40.8,-96.667,25.18,44,100,4.0
121,Derzhavinsk,KZ,2022-02-02 04:09:20,51.1,66.3167,10.72,86,100,6.8
122,Itacare,BR,2022-02-02 04:09:47,-14.2775,-38.9967,76.28,87,9,3.94
123,Avarua,CK,2022-02-02 04:09:45,-21.2078,-159.775,82.45,78,95,12.66
124,Mildura,AU,2022-02-02 04:09:48,-34.2,142.15,74.07,33,0,17.96
125,Saurimo,AO,2022-02-02 04:09:48,-9.6608,20.3916,63.3,97,100,2.1
126,Narsaq,GL,2022-02-02 04:07:56,60.9167,-46.05,10.62,80,13,4.21
127,Jamestown,US,2022-02-02 04:09:35,42.097,-79.2353,36.72,50,100,5.99
128,Clyde River,CA,2022-02-02 04:09:49,70.4692,-68.5914,-31.31,83,76,3.02
129,Kuopio,FI,2022-02-02 04:09:49,62.8924,27.677,15.75,86,99,3.44
130,Tulsipur,NP,2022-02-02 04:09:49,28.131,82.2973,58.8,50,0,5.75
131,Tiruchchendur,IN,2022-02-02 04:09:50,8.4833,78.1167,84.49,69,21,12.91
132,Asau,RO,2022-02-02 04:09:50,46.4333,26.4,27.52,91,91,5.99
133,Gladstone,AU,2022-02-02 04:09:51,-23.85,151.25,94.78,58,98,17.27
134,Sao Joao Da Barra,BR,2022-02-02 04:09:51,-21.6403,-41.0511,72.16,97,100,5.19
135,Teguise,ES,2022-02-02 04:10:51,29.0605,-13.564,64.62,60,0,2.3
136,Roald,NO,2022-02-02 04:10:52,62.5833,6.1333,36.91,86,75,19.57
137,Carnarvon,AU,2022-02-02 04:10:52,-24.8667,113.6333,87.24,57,99,10.16
138,Arlit,NE,2022-02-02 04:10:53,18.7369,7.3853,58.19,17,49,7.31
139,Pailon,BO,2022-02-02 04:10:53,-17.65,-62.75,77.9,97,70,7.43
140,Bilibino,RU,2022-02-02 04:10:53,68.0546,166.4372,4.77,60,100,6.58
141,Toledo,ES,2022-02-02 04:10:54,39.8333,-4.0,50.07,79,1,2.53
142,Sisimiut,GL,2022-02-02 04:10:54,66.9395,-53.6735,4.89,87,100,12.01
143,Alekseyevsk,RU,2022-02-02 04:10:55,57.8406,108.3492,3.58,90,100,5.1
144,Butaritari,KI,2022-02-02 04:10:55,3.0707,172.7902,82.27,76,23,14.12
145,Altamont,US,2022-02-02 04:10:55,42.2068,-121.7372,29.79,66,0,1.01
146,Souillac,MU,2022-02-02 04:06:36,-20.5167,57.5167,82.78,83,75,26.46
147,Jiwani,PK,2022-02-02 04:10:56,25.05,61.7417,73.11,70,0,14.43
148,Constitucion,CL,2022-02-02 04:10:56,-35.3333,-72.4167,56.46,92,13,4.16
149,Elizabethtown,US,2022-02-02 04:10:57,37.694,-85.8591,51.39,41,0,10.36
150,Airai,TL,2022-02-02 04:10:57,-8.9266,125.4092,74.53,53,56,6.4
151,East London,ZA,2022-02-02 04:10:57,-33.0153,27.9116,76.82,71,98,3.71
152,Maldonado,UY,2022-02-02 04:10:58,-34.6667,-54.9167,63.79,66,0,6.91
153,Vilyuysk,RU,2022-02-02 04:10:58,63.7553,121.6247,-19.7,95,99,6.4
154,Opunake,NZ,2022-02-02 04:10:59,-39.4556,173.8583,77.85,64,100,17.29
155,Champerico,GT,2022-02-02 04:10:59,14.3,-91.9167,81.36,71,0,7.87
156,Jalu,LY,2022-02-02 04:10:59,29.0331,21.5482,51.8,47,35,8.14
157,Brae,GB,2022-02-02 04:11:00,60.3964,-1.353,42.71,64,99,19.89
158,Rio Gallegos,AR,2022-02-02 04:11:00,-51.6226,-69.2181,50.05,53,0,20.71
159,Tilichiki,RU,2022-02-02 04:11:01,60.4667,166.1,14.09,90,100,9.55
160,Tete,MZ,2022-02-02 04:11:01,-16.1564,33.5867,73.49,94,20,0.0
161,San Carlos,VE,2022-02-02 04:08:36,9.6612,-68.5827,77.49,65,55,3.56
162,Gazanjyk,TM,2022-02-02 04:11:02,39.2446,55.5154,44.02,56,0,6.93
163,Wadena,US,2022-02-02 04:11:02,46.4425,-95.1361,2.98,84,0,11.5
164,Waipawa,NZ,2022-02-02 04:11:03,-41.4122,175.5153,72.23,48,71,8.68
165,Tommot,RU,2022-02-02 04:11:03,58.9564,126.2925,-4.02,92,100,10.13
166,Popondetta,PG,2022-02-02 04:11:03,-8.7537,148.2534,84.7,69,100,4.72
167,Hithadhoo,MV,2022-02-02 04:11:04,-0.6,73.0833,82.81,70,9,10.85
168,Linguere,SN,2022-02-02 04:11:04,15.3953,-15.1193,76.26,12,66,12.93
169,Manuk Mangkaw,PH,2022-02-02 04:11:05,4.8,119.85,81.39,75,93,5.68
170,San Lorenzo,PY,2022-02-02 04:11:05,-25.3333,-57.5333,77.94,53,0,6.91
171,Lewiston,US,2022-02-02 04:11:05,44.1003,-70.2148,29.25,78,100,0.0
172,Anadyr,RU,2022-02-02 04:11:05,64.75,177.4833,18.1,57,0,4.47
173,Torbay,CA,2022-02-02 04:11:06,47.6666,-52.7314,18.57,73,40,4.0
174,Ribeira Grande,PT,2022-02-02 04:11:06,38.5167,-28.7,59.5,74,41,11.9
175,Madimba,TZ,2022-02-02 04:11:07,-10.4,40.3333,76.05,89,68,3.44
176,Ninghai,CN,2022-02-02 04:11:07,29.2892,121.4247,43.74,97,100,3.78
177,Kokopo,PG,2022-02-02 04:11:07,-4.352,152.2633,83.05,71,100,13.31
178,Tsiroanomandidy,MG,2022-02-02 04:11:08,-18.7667,46.0333,67.08,77,92,2.51
179,Saint-Philippe,RE,2022-02-02 04:11:08,-21.3585,55.7679,81.95,94,100,24.09
180,Cruzeiro Do Sul,BR,2022-02-02 04:12:09,-29.5128,-51.9853,71.53,89,0,0.72
181,Vao,NC,2022-02-02 04:10:33,-22.6667,167.4833,78.42,85,91,18.03
182,Oussouye,SN,2022-02-02 04:12:09,12.485,-16.5469,74.52,39,4,7.43
183,Husavik,IS,2022-02-02 04:12:09,66.0449,-17.3389,12.96,80,96,8.14
184,Ahipara,NZ,2022-02-02 04:12:10,-35.1667,173.1667,75.2,65,100,14.38
185,Dubuque,US,2022-02-02 04:10:38,42.4833,-90.8668,19.62,59,75,14.97
186,Mahebourg,MU,2022-02-02 04:12:10,-20.4081,57.7,82.69,83,75,26.46
187,Baoro,CF,2022-02-02 04:12:11,5.6667,15.9667,61.97,27,76,2.95
188,Albany,US,2022-02-02 04:12:09,42.6001,-73.9662,30.78,71,100,3.0
189,Boa Vista,BR,2022-02-02 04:12:11,2.8197,-60.6733,80.58,65,0,10.36
190,Caravelas,BR,2022-02-02 04:12:11,-17.7125,-39.2481,76.26,95,81,6.44
191,Kurumkan,RU,2022-02-02 04:12:12,54.3,110.3,-8.55,94,76,1.21
192,Port Macquarie,AU,2022-02-02 04:12:12,-31.4333,152.9167,77.9,89,100,6.42
193,Turukhansk,RU,2022-02-02 04:12:13,65.8167,87.9833,8.55,94,98,9.55
194,Port Elizabeth,ZA,2022-02-02 04:12:13,-33.918,25.5701,73.09,74,100,3.85
195,Atbasar,KZ,2022-02-02 04:12:02,51.8,68.3333,8.55,88,100,5.48
196,Zhigansk,RU,2022-02-02 04:12:14,66.7697,123.3711,-23.64,98,88,8.37
197,Kangaatsiaq,GL,2022-02-02 04:12:14,68.3065,-53.4641,6.55,78,100,7.74
198,San Rafael,AR,2022-02-02 04:12:14,-34.6177,-68.3301,81.93,40,94,16.84
199,Levelland,US,2022-02-02 04:12:15,33.5873,-102.378,40.19,48,100,11.41
200,Tokur,RU,2022-02-02 04:12:15,53.1333,132.9,-2.25,80,48,2.93
201,Ulladulla,AU,2022-02-02 04:12:15,-35.35,150.4667,67.87,77,100,7.27
202,Kruisfontein,ZA,2022-02-02 04:12:16,-34.0033,24.7314,70.88,71,100,2.64
203,Fairbanks,US,2022-02-02 04:10:01,64.8378,-147.7164,-10.39,68,0,0.0
204,Les Cayes,HT,2022-02-02 04:12:16,18.2,-73.75,72.75,84,7,3.31
205,Norman Wells,CA,2022-02-02 04:12:17,65.282,-126.8329,-24.99,100,69,1.52
206,Rudiskes,LT,2022-02-02 04:12:17,54.5167,24.8333,27.41,96,100,7.45
207,Khani,GE,2022-02-02 04:12:17,41.9563,42.9566,35.17,74,29,10.13
208,Big Rapids,US,2022-02-02 04:12:18,43.6981,-85.4837,36.61,69,100,10.36
209,Grindavik,IS,2022-02-02 04:12:18,63.8424,-22.4338,28.87,100,75,10.36
210,Nome,US,2022-02-02 04:12:19,64.5011,-165.4064,17.67,53,0,32.21
211,Severomorsk,RU,2022-02-02 04:12:19,69.0689,33.4162,-5.4,98,100,0.81
212,Bambous Virieux,MU,2022-02-02 04:12:19,-20.3428,57.7575,82.65,83,75,26.46
213,Tessalit,ML,2022-02-02 04:12:20,20.1986,1.0114,58.21,24,77,9.93
214,Erzin,TR,2022-02-02 04:12:20,36.9559,36.2,46.92,85,85,6.22
215,Igrim,RU,2022-02-02 04:12:20,63.1906,64.4162,8.28,96,100,7.09
216,Belyy Yar,RU,2022-02-02 04:12:21,53.6039,91.3903,-14.91,76,100,0.0
217,Komsomolskiy,UZ,2022-02-02 04:09:19,40.4272,71.7189,32.72,74,100,4.61
218,Concordia,AR,2022-02-02 04:12:21,-31.393,-58.0209,76.78,53,0,3.0
219,Middelburg,ZA,2022-02-02 04:12:22,-25.7751,29.4648,59.2,70,14,0.96
220,Peleduy,RU,2022-02-02 04:12:13,59.6289,112.7406,-0.24,90,99,6.78
221,Port Moresby,PG,2022-02-02 04:12:22,-9.4431,147.1797,76.42,88,100,3.44
222,Suntar,RU,2022-02-02 04:12:22,62.1444,117.6319,-18.11,93,90,4.03
223,Nantucket,US,2022-02-02 04:12:23,41.2835,-70.0995,37.51,78,40,8.05
224,Bay Roberts,CA,2022-02-02 04:12:23,47.5999,-53.2648,19.33,64,6,4.0
225,Namatanai,PG,2022-02-02 04:12:24,-3.6667,152.4333,83.39,69,92,7.67
226,Chiang Klang,TH,2022-02-02 04:12:24,19.2938,100.8617,83.77,49,44,6.04
227,Zabid,YE,2022-02-02 04:12:24,14.1951,43.3152,74.84,82,74,3.18
228,Thompson,CA,2022-02-02 04:12:14,55.7435,-97.8558,-20.58,85,90,10.67
229,Rinconada,MX,2022-02-02 04:13:25,19.35,-96.5167,68.05,91,3,2.86
230,Kankakee,US,2022-02-02 04:13:25,41.15,-87.8667,36.12,97,100,10.36
231,Gomel,BY,2022-02-02 04:13:26,52.4345,30.9754,19.38,93,40,8.95
232,Tenkodogo,BF,2022-02-02 04:13:26,11.78,-0.3697,65.32,10,83,9.6
233,Lebu,CL,2022-02-02 04:13:26,-37.6167,-73.65,57.67,94,11,8.88
234,Vostok,RU,2022-02-02 04:13:27,46.4856,135.8833,6.33,83,100,7.74
235,Mishan,CN,2022-02-02 04:13:27,45.55,131.8833,12.36,76,66,13.87
236,Nichinan,JP,2022-02-02 04:13:27,31.6,131.3667,49.71,40,100,2.68
237,Fortuna,US,2022-02-02 04:12:15,40.5982,-124.1573,47.66,84,100,1.99
238,Vangaindrano,MG,2022-02-02 04:13:28,-23.35,47.6,75.6,79,52,3.02
239,Sioux Lookout,CA,2022-02-02 04:13:28,50.1001,-91.917,-1.82,94,100,12.86
240,Ucluelet,CA,2022-02-02 04:13:29,48.9329,-125.5528,35.1,87,37,5.14
241,Luderitz,NA,2022-02-02 04:13:29,-26.6481,15.1594,63.57,92,59,8.5
242,Poum,NC,2022-02-02 04:13:26,-20.2333,164.0167,81.0,73,64,13.09
243,Berdigestyakh,RU,2022-02-02 04:13:30,62.0989,126.6992,-15.18,94,100,8.63
244,Sao Raimundo Nonato,BR,2022-02-02 04:13:30,-9.0153,-42.6994,72.14,61,16,2.04
245,Lamovita,BA,2022-02-02 04:13:31,44.9256,16.9072,29.12,87,55,3.56
246,Yekaterinoslavka,RU,2022-02-02 04:12:12,50.3734,129.1139,-1.97,87,14,7.72
247,Batticaloa,LK,2022-02-02 04:13:31,7.7102,81.6924,77.83,66,3,2.06
248,Neuquen,AR,2022-02-02 04:10:21,-38.9516,-68.0591,78.69,38,0,16.11
249,Puerto Suarez,BO,2022-02-02 04:13:32,-18.95,-57.8,72.61,98,100,3.27
250,Chistogorskiy,RU,2022-02-02 04:13:32,53.9835,87.3843,4.28,96,83,1.07
251,Roebourne,AU,2022-02-02 04:13:33,-20.7833,117.1333,90.64,58,92,13.22
252,Bandarbeyla,SO,2022-02-02 04:13:34,9.4942,50.8122,75.9,73,12,16.15
253,The Valley,AI,2022-02-02 04:13:34,18.217,-63.0578,77.09,77,4,11.61
254,Belaya Gora,RU,2022-02-02 04:12:18,68.5333,146.4167,-10.66,92,100,3.33
255,Bhachau,IN,2022-02-02 04:09:56,23.2833,70.35,73.08,40,0,4.59
256,Northam,GB,2022-02-02 04:13:35,51.0333,-4.2167,49.6,88,100,14.56
257,Richards Bay,ZA,2022-02-02 04:13:35,-28.783,32.0377,75.07,84,77,11.59
258,Wakkanai,JP,2022-02-02 04:13:36,45.4094,141.6739,27.16,67,100,12.03
259,Baruun-Urt,MN,2022-02-02 04:13:36,46.6806,113.2792,0.19,76,9,7.29
260,Gornyak,RU,2022-02-02 04:13:36,50.9942,81.4661,-0.33,83,59,2.86
261,Charagua,BO,2022-02-02 04:13:37,-19.8,-63.2167,65.34,86,44,5.19
262,Provideniya,RU,2022-02-02 04:13:37,64.3833,-173.3,15.91,62,0,29.08
263,Qostanay,KZ,2022-02-02 04:13:38,53.1667,63.5833,16.09,92,40,17.9
264,College,US,2022-02-02 04:11:21,64.8569,-147.8028,-0.74,70,20,0.0
265,Tiksi,RU,2022-02-02 04:13:38,71.6872,128.8694,-8.34,96,100,7.72
266,Kaitangata,NZ,2022-02-02 04:13:39,-46.2817,169.8464,82.96,46,73,6.89
267,Griffith,US,2022-02-02 04:13:39,41.5284,-87.4237,37.33,92,100,4.61
268,Onega,RU,2022-02-02 04:13:40,63.9061,38.1404,9.37,95,97,4.56
269,Pueblo,US,2022-02-02 04:11:57,38.2545,-104.6091,33.01,71,100,1.99
270,Danilov,RU,2022-02-02 04:13:40,58.1908,40.1717,22.93,95,100,8.43
271,Gualaquiza,EC,2022-02-02 04:13:41,-3.4,-78.55,64.24,94,97,0.94
272,Ryomgard,DK,2022-02-02 04:13:41,56.3843,10.503,41.0,79,75,18.99
273,Kholm,RU,2022-02-02 04:13:41,59.2667,32.85,4.6,99,94,2.39
274,Zhuanghe,CN,2022-02-02 04:13:42,39.7008,122.9911,27.93,47,0,6.6
275,Takoradi,GH,2022-02-02 04:13:42,4.8845,-1.7554,77.47,87,96,4.85
276,Bethel,US,2022-02-02 04:13:43,41.3712,-73.414,33.57,75,100,0.0
277,Hailey,US,2022-02-02 04:13:43,43.5196,-114.3153,8.46,86,0,9.22
278,Huntsville,US,2022-02-02 04:13:12,34.7304,-86.5861,55.65,44,40,1.99
279,Tautira,PF,2022-02-02 04:14:43,-17.7333,-149.15,86.02,76,19,19.01
280,Aksarka,RU,2022-02-02 04:14:44,66.5606,67.7975,-18.47,100,91,6.4
281,Henties Bay,NA,2022-02-02 04:14:44,-22.116,14.2845,65.86,85,60,1.74
282,Vila Franca Do Campo,PT,2022-02-02 04:14:45,37.7167,-25.4333,56.19,80,90,10.18
283,Kamenka,RU,2022-02-02 04:14:45,51.3223,42.7678,29.75,98,76,3.58
284,Kikwit,CD,2022-02-02 04:14:45,-5.041,18.8162,70.65,86,100,1.05
285,Port Lincoln,AU,2022-02-02 04:14:46,-34.7333,135.8667,65.53,52,74,18.48
286,Ponta Delgada,PT,2022-02-02 04:14:46,37.7333,-25.6667,56.5,76,20,6.91
287,Antofagasta,CL,2022-02-02 04:14:47,-23.65,-70.4,65.48,82,6,4.21
288,Alofi,NU,2022-02-02 04:14:47,-19.0595,-169.9187,76.89,94,0,4.61
289,Kinshasa,CD,2022-02-02 04:14:47,-4.3246,15.3215,74.12,86,90,2.33
290,Sovetskiy,RU,2022-02-02 04:14:48,61.3614,63.5842,19.08,93,100,8.77
291,Umarga,IN,2022-02-02 04:14:48,17.8333,76.6167,76.3,24,2,6.87
292,Lompoc,US,2022-02-02 04:14:49,34.6391,-120.4579,55.71,53,0,11.5
293,Khatanga,RU,2022-02-02 04:13:23,71.9667,102.5,-38.16,99,32,1.74
294,Quatre Cocos,MU,2022-02-02 04:14:49,-20.2078,57.7625,82.51,88,100,30.47
295,Pangnirtung,CA,2022-02-02 04:14:50,66.1451,-65.7125,-13.99,80,86,5.48
296,Nouadhibou,MR,2022-02-02 04:14:50,20.931,-17.0347,71.06,48,97,14.27
297,Yaan,NG,2022-02-02 04:14:50,7.3833,8.5667,72.16,19,10,4.65
298,De Land,US,2022-02-02 04:14:51,29.0283,-81.3031,58.86,88,5,4.38
299,Leeuwarden,NL,2022-02-02 04:14:51,53.2014,5.8086,45.0,80,100,21.85
300,Gilgit,PK,2022-02-02 04:14:51,35.9221,74.3087,27.63,65,86,1.88
301,Pacific Grove,US,2022-02-02 04:13:26,36.6177,-121.9166,55.35,66,0,3.0
302,Castro,BR,2022-02-02 04:14:52,-24.7911,-50.0119,61.75,97,73,4.97
303,Nyimba,ZM,2022-02-02 04:14:52,-14.5566,30.8149,65.84,97,67,3.06
304,Pangai,TO,2022-02-02 04:14:53,-19.8,-174.35,81.12,66,8,8.3
305,Marsa Matruh,EG,2022-02-02 04:14:53,31.3525,27.2453,54.1,56,99,17.94
306,Tiznit,MA,2022-02-02 04:13:08,29.5833,-9.5,61.93,30,87,2.51
307,Hamilton,US,2022-02-02 04:14:54,39.1834,-84.5333,50.63,51,0,5.75
308,Estevan,CA,2022-02-02 04:14:54,49.1334,-102.9842,-9.06,77,0,12.08
309,Minnedosa,CA,2022-02-02 04:14:55,50.2453,-99.8436,-14.24,93,43,13.85
310,Elat,IL,2022-02-02 04:14:55,29.5581,34.9482,54.64,53,1,4.85
311,Dukat,RU,2022-02-02 04:14:55,62.55,155.55,-9.09,97,96,4.12
312,Longonjo,AO,2022-02-02 04:14:56,-12.9067,15.2533,58.24,87,91,1.1
313,Mvomero,TZ,2022-02-02 04:14:56,-6.25,38.6667,73.98,97,94,2.91
314,Havelock,US,2022-02-02 04:14:57,34.8791,-76.9013,39.92,87,43,1.99
315,Ushtobe,KZ,2022-02-02 04:14:57,45.2514,77.9838,19.36,77,63,12.19
316,Meulaboh,ID,2022-02-02 04:14:57,4.1363,96.1285,84.06,66,50,3.67
317,Gibara,CU,2022-02-02 04:14:58,21.1097,-76.1317,72.72,73,56,16.64
318,Flinders,AU,2022-02-02 04:14:59,-34.5833,150.8552,70.21,77,100,11.56
319,Fort Nelson,CA,2022-02-02 04:14:59,58.8053,-122.7002,-22.41,83,0,2.3
320,Half Moon Bay,US,2022-02-02 04:14:59,37.4636,-122.4286,58.24,30,0,5.01
321,Quzhou,CN,2022-02-02 04:15:00,28.9594,118.8686,36.57,98,100,6.73
322,Saint-Francois,FR,2022-02-02 04:15:00,46.4154,3.9054,45.84,93,100,8.05
323,Manokwari,ID,2022-02-02 04:16:01,-0.8667,134.0833,81.77,74,100,6.06
324,Fort-De-France,MQ,2022-02-02 04:16:02,14.6089,-61.0733,76.75,88,20,2.3
325,Usinsk,RU,2022-02-02 04:16:02,65.9939,57.5281,1.4,89,99,8.46
326,Vallenar,CL,2022-02-02 04:16:03,-28.5708,-70.7581,65.5,66,0,2.46
327,Port Blair,IN,2022-02-02 04:16:03,11.6667,92.75,82.44,69,20,9.22
328,Klaksvik,FO,2022-02-02 04:16:03,62.2266,-6.589,34.72,73,99,16.15
329,Saint-Joseph,RE,2022-02-02 04:16:04,-21.3667,55.6167,80.96,94,100,24.54
330,Ixtapa,MX,2022-02-02 04:16:05,20.7,-105.2,67.23,73,0,0.0
331,Asheville,US,2022-02-02 04:11:48,35.6009,-82.554,38.61,79,0,3.0
332,Nara,JP,2022-02-02 04:13:47,34.6851,135.8049,45.68,43,40,10.42
333,Baishishan,CN,2022-02-02 04:16:06,43.5833,127.5667,9.68,81,83,8.72
334,Zorritos,PE,2022-02-02 04:16:06,-3.6805,-80.6782,75.63,74,99,8.7
335,Dwarka,IN,2022-02-02 04:16:07,22.2394,68.9678,73.56,67,0,8.05
336,Atar,MR,2022-02-02 04:16:07,20.5169,-13.0499,72.73,14,82,10.4
337,Nandu,CN,2022-02-02 04:16:08,22.8525,110.8233,50.49,93,100,5.01
338,Leon,MX,2022-02-02 04:16:10,21.1167,-101.6667,57.25,32,0,3.56
339,Terra Santa,BR,2022-02-02 04:16:10,-2.1042,-56.4869,73.76,93,24,2.55
340,Sept-Iles,CA,2022-02-02 04:16:10,50.2001,-66.3821,5.05,77,100,4.0
341,Qobustan,AZ,2022-02-02 04:16:11,40.0824,49.412,32.11,86,90,6.4
342,Truth Or Consequences,US,2022-02-02 04:16:11,33.1284,-107.2528,52.03,34,100,4.61
343,Kolobrzeg,PL,2022-02-02 04:16:12,54.1757,15.5834,36.16,93,100,17.34
344,Rurrenabaque,BO,2022-02-02 04:16:12,-14.4413,-67.5278,70.88,99,100,0.49
345,Linhares,BR,2022-02-02 04:16:13,-19.3911,-40.0722,74.48,96,72,1.95
346,Sorland,NO,2022-02-02 04:16:13,67.667,12.6934,26.67,59,100,13.51
347,Guerrero,MX,2022-02-02 04:16:14,17.6667,-100.0,62.76,86,19,5.84
348,Kavieng,PG,2022-02-02 04:16:14,-2.5744,150.7967,82.78,70,100,7.38
349,Psebay,RU,2022-02-02 04:16:15,44.1234,40.8107,34.05,83,98,6.35
350,Havre-Saint-Pierre,CA,2022-02-02 04:16:15,50.2334,-63.5986,14.0,71,100,10.36
351,Young,UY,2022-02-02 04:16:16,-32.6833,-57.6333,72.23,55,0,7.85
352,Koroni,GR,2022-02-02 04:16:16,36.8,21.95,51.08,70,91,15.64
353,Yumen,CN,2022-02-02 04:16:17,40.2833,97.2,23.95,25,9,9.24
354,Phatthalung,TH,2022-02-02 04:16:17,7.5,100.0833,87.75,59,44,9.13
355,Tynda,RU,2022-02-02 04:16:18,55.1667,124.7167,-4.2,72,19,7.47
356,Kaeo,NZ,2022-02-02 04:16:19,-35.1,173.7833,75.33,81,100,11.01
357,Manvi,IN,2022-02-02 04:16:21,15.9833,77.05,77.29,47,7,6.2
358,Hammerfest,NO,2022-02-02 04:16:21,70.6634,23.6821,25.25,54,0,5.75
359,Bose,IT,2022-02-02 04:16:22,45.4612,8.0137,47.62,59,2,7.11
360,Apozol,MX,2022-02-02 04:16:23,21.4833,-103.1,62.13,27,0,5.48
361,Muroto,JP,2022-02-02 04:16:23,33.2833,134.15,50.04,46,75,11.83
362,Turka,UA,2022-02-02 04:16:25,49.1541,23.0297,28.8,86,100,17.2
363,Magadan,RU,2022-02-02 04:16:26,59.5667,150.8,9.52,76,99,11.95
364,Broome,US,2022-02-02 04:16:07,42.2506,-75.833,31.01,71,0,3.0
365,Coruripe,BR,2022-02-02 04:16:27,-10.1256,-36.1756,77.59,81,3,6.91
366,Pyapon,MM,2022-02-02 04:16:27,16.2833,95.6833,79.25,32,35,6.17
367,Puerto Madero,MX,2022-02-02 04:16:28,14.7208,-92.4215,75.4,94,0,0.0
368,Kahului,US,2022-02-02 04:16:28,20.8947,-156.47,75.22,73,20,19.57
369,Lorengau,PG,2022-02-02 04:17:29,-2.0226,147.2712,76.93,88,100,6.67
370,Pedra Azul,BR,2022-02-02 04:17:29,-16.0053,-41.2972,67.33,96,95,0.29
371,Sabha,LY,2022-02-02 04:17:30,27.0377,14.4283,43.27,55,3,9.55
372,Kaoma,ZM,2022-02-02 04:17:30,-14.7833,24.8,62.69,96,100,3.04
373,Chuy,UY,2022-02-02 04:17:31,-33.6971,-53.4616,61.5,79,0,6.51
374,Yeppoon,AU,2022-02-02 04:17:31,-23.1333,150.7333,100.18,63,92,15.39
375,Qarayeri,AZ,2022-02-02 04:17:31,40.7886,46.3066,32.88,59,20,4.61
376,Lucapa,AO,2022-02-02 04:17:32,-8.4192,20.7447,64.33,97,100,1.77
377,Huarmey,PE,2022-02-02 04:17:32,-10.0681,-78.1522,71.22,80,79,8.79
378,Najran,SA,2022-02-02 04:17:33,17.4924,44.1277,56.05,36,1,3.22
379,Labuhan,ID,2022-02-02 04:17:33,-6.8844,112.2051,85.62,67,29,6.15
380,Weligama,LK,2022-02-02 04:17:34,5.9667,80.4167,80.29,62,20,10.07
381,Pevek,RU,2022-02-02 04:17:34,69.7008,170.3133,-6.56,78,100,2.8
382,Kautokeino,NO,2022-02-02 04:16:07,69.0125,23.0412,-11.99,100,98,4.25
383,Atambua,ID,2022-02-02 04:17:35,-9.1061,124.8925,81.73,66,63,8.5
384,Ostrovnoy,RU,2022-02-02 04:17:35,68.0531,39.5131,20.1,90,100,11.81
385,Kloulklubed,PW,2022-02-02 04:17:35,7.0419,134.2556,82.9,77,100,20.04
386,Nortelandia,BR,2022-02-02 04:17:36,-14.4547,-56.8028,69.57,98,93,3.85
387,Nueva Guinea,NI,2022-02-02 04:17:36,11.6876,-84.4562,66.07,97,3,4.5
388,Eureka,US,2022-02-02 04:17:37,40.8021,-124.1637,47.93,82,0,11.01
389,Saint-Pierre,RE,2022-02-02 04:17:37,-21.3393,55.4781,82.04,89,100,34.52
390,Mana,GF,2022-02-02 04:17:37,5.6592,-53.7767,77.36,79,72,10.94
391,Alencon,FR,2022-02-02 04:17:38,48.4333,0.0833,51.89,76,100,12.64
392,Churapcha,RU,2022-02-02 04:17:38,62.0025,132.4325,-17.27,90,100,4.18
393,Finnsnes,NO,2022-02-02 04:17:39,69.2296,17.9811,17.56,92,87,6.64
394,Mahon,ES,2022-02-02 04:15:55,39.8885,4.2658,52.36,82,0,10.36
395,Methoni,GR,2022-02-02 04:17:39,36.8197,21.7049,51.22,71,83,15.5
396,Chino Valley,US,2022-02-02 04:17:39,34.7575,-112.4538,47.62,36,100,3.44
397,Sevierville,US,2022-02-02 04:14:40,35.8681,-83.5618,44.83,71,0,0.0
398,Alyangula,AU,2022-02-02 04:14:45,-13.8483,136.4192,87.67,63,100,11.72
399,Palana,RU,2022-02-02 04:17:40,59.1167,159.9667,20.19,81,100,8.88
400,Leh,IN,2022-02-02 04:17:40,34.1667,77.5833,2.43,73,96,1.81
401,Belmonte,BR,2022-02-02 04:17:41,-15.8631,-38.8828,79.3,84,6,5.97
402,Buala,SB,2022-02-02 04:17:41,-8.145,159.5921,85.82,69,51,9.1
403,Diffa,NE,2022-02-02 04:17:42,13.3154,12.6113,57.29,21,2,7.76
404,Kampene,CD,2022-02-02 04:17:42,-3.6,26.6667,67.55,96,100,2.17
405,Khorixas,NA,2022-02-02 04:17:42,-20.3667,14.9667,62.11,65,77,4.5
406,Sitka,US,2022-02-02 04:17:43,57.0531,-135.33,31.89,74,100,18.41
407,Evensk,RU,2022-02-02 04:17:43,61.95,159.2333,20.82,76,99,22.82
408,Miraflores,MX,2022-02-02 04:17:44,19.2167,-98.8083,62.02,64,3,3.76
409,Tiarei,PF,2022-02-02 04:17:44,-17.5333,-149.3333,86.02,77,4,20.38
410,Kutum,SD,2022-02-02 04:15:57,14.2,24.6667,54.05,25,0,6.62
411,Margate,GB,2022-02-02 04:17:45,51.3813,1.3862,50.97,81,99,4.0
412,Vanavara,RU,2022-02-02 04:17:45,60.34,102.2797,-2.38,94,95,3.04
413,Chifeng,CN,2022-02-02 04:17:45,42.2683,118.9636,19.63,25,0,12.91
414,Fjerritslev,DK,2022-02-02 04:17:46,57.0813,9.2664,41.05,81,23,25.61
415,Salalah,OM,2022-02-02 04:17:46,17.0151,54.0924,66.29,45,0,2.3
416,Aklavik,CA,2022-02-02 04:18:46,68.2191,-135.0107,-17.57,100,97,3.85
417,Ambon,ID,2022-02-02 04:18:47,-3.6954,128.1814,87.94,58,40,6.91
418,El Sauzal,MX,2022-02-02 04:18:47,31.9,-116.6833,54.41,82,79,3.31
419,Upice,CZ,2022-02-02 04:18:48,50.5124,16.0161,38.59,91,100,11.48
420,Salinas,US,2022-02-02 04:14:16,36.6777,-121.6555,55.76,58,0,0.0
421,Yulara,AU,2022-02-02 04:18:49,-25.2406,130.9889,69.64,83,100,16.11
422,Leshukonskoye,RU,2022-02-02 04:18:49,64.8989,45.7622,13.96,95,100,6.13
423,Shanghai,CN,2022-02-02 04:14:01,31.2222,121.4581,44.92,62,100,1.01
424,Camana,PE,2022-02-02 04:18:50,-16.6228,-72.7111,71.04,84,88,9.26
425,Sarakhs,IR,2022-02-02 04:18:50,36.5449,61.1577,42.94,56,0,19.57
426,Muzhi,RU,2022-02-02 04:18:51,65.3667,64.6667,-21.44,100,99,1.5
427,Hargeysa,SO,2022-02-02 04:18:51,9.56,44.065,59.59,90,99,13.6
428,Lusk,IE,2022-02-02 04:18:51,53.5274,-6.1642,49.89,87,75,14.97
429,Grao Mogol,BR,2022-02-02 04:18:52,-16.5594,-42.8897,66.42,95,98,1.23
430,Beringovskiy,RU,2022-02-02 04:18:52,63.05,179.3167,0.75,85,95,17.4
431,North Platte,US,2022-02-02 04:18:53,41.1239,-100.7654,19.99,38,75,13.8
432,Eravur,LK,2022-02-02 04:18:53,7.7733,81.6095,77.72,67,3,1.59
433,Gwadar,PK,2022-02-02 04:18:53,25.1216,62.3254,71.47,76,0,11.79
434,Nicoya,CR,2022-02-02 04:18:54,10.1483,-85.452,72.95,82,14,1.28
435,Leningradskiy,RU,2022-02-02 04:18:54,69.3833,178.4167,-12.05,95,37,10.42
436,San Jose De Guanipa,VE,2022-02-02 04:18:55,8.8872,-64.1651,75.6,71,64,13.2
437,Valparaiso,CL,2022-02-02 04:18:45,-33.0393,-71.6273,65.48,73,0,3.44
438,Mount Gambier,AU,2022-02-02 04:18:55,-37.8333,140.7667,61.7,50,97,9.62
439,San Patricio,US,2022-02-02 04:18:01,28.017,-97.5169,62.46,84,11,7.74
440,Haljala,EE,2022-02-02 04:18:55,59.4336,26.2614,10.42,97,98,3.33
441,Vanimo,PG,2022-02-02 04:18:56,-2.6741,141.3028,81.64,80,82,4.72
442,Sambava,MG,2022-02-02 04:18:56,-14.2667,50.1667,75.09,79,100,4.23
443,Saint-Louis,SN,2022-02-02 04:18:57,16.3333,-15.0,76.5,10,76,13.89
444,Juneau,US,2022-02-02 04:15:01,58.3019,-134.4197,24.8,81,100,3.44
445,Kashiwazaki,JP,2022-02-02 04:18:57,37.3667,138.55,35.89,78,100,16.2
446,Zapolyarnyy,RU,2022-02-02 04:18:57,69.4154,30.8136,5.7,100,100,3.02
447,Aksu,CN,2022-02-02 04:18:58,41.1231,80.2644,28.29,40,0,1.34
448,Iwanai,JP,2022-02-02 04:18:58,42.9744,140.5089,28.54,75,100,11.9
449,Parintins,BR,2022-02-02 04:18:59,-2.6283,-56.7358,73.85,91,33,2.13
450,Cabo San Lucas,MX,2022-02-02 04:18:59,22.8909,-109.9124,69.51,64,0,10.0
451,Shirgaon,IN,2022-02-02 04:19:00,19.7,72.7,78.82,51,2,5.61
452,Kilindoni,TZ,2022-02-02 04:19:00,-7.9139,39.6668,79.3,82,100,8.57
453,Portland,US,2022-02-02 04:15:49,45.5234,-122.6762,42.89,88,100,4.0
454,Tucuman,AR,2022-02-02 04:19:01,-26.8241,-65.2226,77.0,57,0,9.22
455,Banda Aceh,ID,2022-02-02 04:19:01,5.5577,95.3222,83.86,66,10,5.64
456,Amahai,ID,2022-02-02 04:19:02,-3.3333,128.9167,87.98,55,97,3.83
457,Olafsvik,IS,2022-02-02 04:19:02,64.8945,-23.7142,34.84,64,100,13.35
458,Benjamin Aceval,PY,2022-02-02 04:19:03,-24.9667,-57.5667,78.94,31,31,6.2
459,Nevelsk,RU,2022-02-02 04:19:03,46.6733,141.8633,21.63,77,100,16.26
460,Raul Soares,BR,2022-02-02 04:19:03,-20.1022,-42.4519,71.29,98,100,3.33
461,Kumla,SE,2022-02-02 04:20:04,59.1277,15.1434,29.68,90,40,5.75
462,Camacha,PT,2022-02-02 04:20:04,33.0833,-16.3333,62.53,68,40,20.71
463,Itoman,JP,2022-02-02 04:20:05,26.1247,127.6694,66.97,94,75,4.61
464,Constantine,DZ,2022-02-02 04:20:05,36.365,6.6147,45.81,81,75,10.36
465,Novoagansk,RU,2022-02-02 04:20:05,61.9449,76.6625,-11.9,100,90,3.6
466,Norrtalje,SE,2022-02-02 04:20:06,59.758,18.705,21.24,78,100,4.14
467,San Roque,ES,2022-02-02 04:20:06,36.2107,-5.3842,56.23,77,4,20.71
468,Pindiga,NG,2022-02-02 04:20:06,9.9833,10.9333,59.27,25,2,5.97
469,La Ronge,CA,2022-02-02 04:20:07,55.1001,-105.2842,-12.75,64,20,10.36
470,Pangody,RU,2022-02-02 04:20:07,65.85,74.4859,-17.48,100,91,6.29
471,Salaberry-De-Valleyfield,CA,2022-02-02 04:15:09,45.2501,-74.1325,30.69,63,100,5.55
472,Dorado,PR,2022-02-02 04:16:17,18.4588,-66.2677,75.09,95,10,7.65
473,West Wendover,US,2022-02-02 04:20:08,40.7391,-114.0733,25.74,47,11,6.91
474,Palanga,LT,2022-02-02 04:20:08,55.9175,21.0686,30.22,93,100,6.91
475,Kropotkin,RU,2022-02-02 04:19:45,45.4375,40.5756,35.01,83,100,7.61
476,Acarau,BR,2022-02-02 04:20:09,-2.8856,-40.12,77.14,86,93,10.09
477,Srednekolymsk,RU,2022-02-02 04:20:09,67.45,153.6833,-8.23,92,100,10.38
478,Yar-Sale,RU,2022-02-02 04:20:10,66.8333,70.8333,-15.41,99,46,7.76
479,Namibe,AO,2022-02-02 04:20:10,-15.1961,12.1522,71.29,68,100,8.88
480,Vredendal,ZA,2022-02-02 04:19:46,-31.6683,18.5012,67.48,88,19,4.5
481,Yokadouma,CM,2022-02-02 04:20:11,3.5167,15.05,67.21,37,74,0.72
482,Cururupu,BR,2022-02-02 04:20:11,-1.8283,-44.8683,74.39,97,70,3.89
483,Yakeshi,CN,2022-02-02 04:20:11,49.2833,120.7333,-5.4,94,100,8.61
484,Pinotepa Nacional,MX,2022-02-02 04:20:12,16.3167,-98.0167,69.03,84,1,3.36
485,Annamalainagar,IN,2022-02-02 04:20:12,11.4,79.7333,79.12,60,58,6.4
486,Zlitan,LY,2022-02-02 04:20:13,32.4674,14.5687,54.41,56,53,27.56
487,Gosainganj,IN,2022-02-02 04:20:13,26.5833,82.3833,61.18,60,0,0.83
488,Mbini,GQ,2022-02-02 04:20:14,1.574,9.6134,79.43,83,100,5.68
489,Fergus Falls,US,2022-02-02 04:20:14,46.283,-96.0776,-0.94,78,0,17.27
490,Marsaxlokk,MT,2022-02-02 04:20:15,35.8419,14.5431,54.09,46,0,18.41
491,Berlevag,NO,2022-02-02 04:20:15,70.8578,29.0864,21.9,74,79,4.97
492,Borazjan,IR,2022-02-02 04:20:15,29.2666,51.2159,56.53,78,0,2.3
493,Figeac,FR,2022-02-02 04:20:16,44.75,1.9167,43.18,99,100,4.79
494,Saldanha,ZA,2022-02-02 04:20:16,-33.0117,17.9442,64.63,96,84,12.48
495,Naze,JP,2022-02-02 04:15:59,28.3667,129.4833,56.32,73,100,11.74
496,Freeport,US,2022-02-02 04:20:17,40.6576,-73.5832,37.02,73,100,1.99
497,Christchurch,NZ,2022-02-02 04:19:52,-43.5333,172.6333,85.48,56,75,3.0
498,Koratla,IN,2022-02-02 04:20:17,18.8167,78.7167,75.83,30,6,3.47
499,Yerofey Pavlovich,RU,2022-02-02 04:20:18,53.9667,121.9667,4.51,54,20,4.85
500,Auki,SB,2022-02-02 04:15:19,-8.7676,160.7034,83.3,81,42,8.59
501,Podporozhye,RU,2022-02-02 04:20:18,60.9112,34.1706,12.0,97,100,2.55
502,Goderich,CA,2022-02-02 04:20:18,43.7501,-81.7165,39.52,75,100,14.97
503,Redmond,US,2022-02-02 04:18:07,47.674,-122.1215,40.98,86,91,2.68
504,Varhaug,NO,2022-02-02 04:20:19,58.6147,5.6457,38.75,70,53,31.16
505,Chimbote,PE,2022-02-02 04:15:32,-9.0853,-78.5783,70.21,80,90,6.87
506,Leland,US,2022-02-02 04:20:58,34.2563,-78.0447,42.03,84,0,6.91
507,Chingola,ZM,2022-02-02 04:21:21,-12.529,27.8838,59.85,97,100,2.28
508,Kaya,BF,2022-02-02 04:21:21,13.0917,-1.0844,63.39,10,97,8.34
509,Paranaiba,BR,2022-02-02 04:21:22,-19.6772,-51.1908,69.46,99,100,5.73
510,Araucaria,BR,2022-02-02 04:21:22,-25.5931,-49.4103,69.24,93,87,5.75
511,Port Arthur,CN,2022-02-02 04:20:14,38.8,121.2667,30.42,47,0,15.05
512,Moron,AR,2022-02-02 04:21:23,-34.6534,-58.6198,74.98,78,2,5.32
513,Sorong,ID,2022-02-02 04:21:25,-0.8833,131.25,81.5,74,100,4.27
514,Znamenskoye,RU,2022-02-02 04:21:25,57.1281,73.8282,4.68,98,97,4.88
515,Redwater,US,2022-02-02 04:21:27,33.3582,-94.2544,60.33,83,100,7.18
516,Russell,US,2022-02-02 04:21:27,32.3502,-85.1999,54.63,57,100,7.87
517,Kismayo,SO,2022-02-02 04:21:28,-0.3582,42.5454,78.78,83,100,12.8
518,De-Kastri,RU,2022-02-02 04:21:28,51.4667,140.7833,7.47,83,90,11.68
519,Grand Gaube,MU,2022-02-02 04:19:39,-20.0064,57.6608,82.8,82,100,18.01
520,Marienburg,PL,2022-02-02 04:21:29,54.0359,19.0266,35.85,98,100,10.8
521,Gbadolite,CD,2022-02-02 04:21:29,4.2833,21.0167,75.51,27,98,1.45
522,Kununurra,AU,2022-02-02 04:21:30,-15.7667,128.7333,91.38,62,93,13.8
523,Ternate,ID,2022-02-02 04:21:30,0.8,127.4,82.71,66,100,5.41
524,Kochubey,RU,2022-02-02 04:21:30,44.3861,46.5825,34.47,90,95,9.6
525,Xining,CN,2022-02-02 04:21:31,36.6167,101.7667,17.76,55,27,1.88
526,Corinth,GR,2022-02-02 04:21:31,37.9407,22.9573,56.44,83,100,5.03
527,Lerwick,GB,2022-02-02 04:21:32,60.1545,-1.1494,42.8,66,95,18.16
528,Laje,BR,2022-02-02 04:21:32,-10.1833,-40.9667,74.95,62,94,2.01
529,Goure,NE,2022-02-02 04:21:32,13.9835,10.2704,59.02,19,0,5.99
530,Yichang,CN,2022-02-02 04:21:33,30.7144,111.2847,44.87,46,100,1.86
531,Whyalla,AU,2022-02-02 04:21:33,-33.0333,137.5833,70.47,41,0,21.09
532,Kimbe,PG,2022-02-02 04:21:34,-5.5502,150.1429,79.63,83,100,6.82
533,Luganville,VU,2022-02-02 04:21:34,-15.5333,167.1667,83.7,76,89,0.65
534,Aras,ES,2022-02-02 04:21:35,42.5617,-2.356,39.06,87,0,11.5
535,Mandan,US,2022-02-02 04:21:36,46.8267,-100.8896,0.03,75,0,13.8
536,Bemidji,US,2022-02-02 04:18:02,47.4736,-94.8803,-0.09,81,0,16.11
537,Vardo,NO,2022-02-02 04:21:37,70.3705,31.1107,16.0,64,100,17.25
538,Pirot,RS,2022-02-02 04:21:37,43.1531,22.5861,29.21,97,100,4.14
539,Payo,ID,2022-02-02 04:21:37,-3.7508,103.6372,73.81,94,100,0.51
540,Nanortalik,GL,2022-02-02 04:21:38,60.1432,-45.2371,6.03,68,32,15.77
541,Nalgonda,IN,2022-02-02 04:21:38,17.05,79.2667,75.79,58,2,5.41
542,Dahegam,IN,2022-02-02 04:21:39,23.1667,72.8167,69.57,47,0,1.74
543,Bathsheba,BB,2022-02-02 04:17:08,13.2167,-59.5167,77.61,83,40,13.8
544,Havoysund,NO,2022-02-02 04:21:39,70.9963,24.6622,25.68,74,87,12.82
545,Kalkar,DE,2022-02-02 04:21:39,51.7333,6.3,47.32,83,0,11.5
546,Nuevo Ideal,MX,2022-02-02 04:21:40,24.8875,-105.0728,48.74,32,3,8.14
547,Wawa,NG,2022-02-02 04:21:40,9.9022,4.4192,67.78,24,5,5.73
548,Vila,PT,2022-02-02 04:21:40,42.0304,-8.1588,41.88,75,0,4.68
549,Agirish,RU,2022-02-02 04:21:41,61.9247,63.0231,17.64,94,100,7.25
550,Visnes,NO,2022-02-02 04:21:42,59.3556,5.2242,39.25,70,20,25.32
551,Umm Lajj,SA,2022-02-02 04:21:42,25.0213,37.2685,64.45,27,0,3.2
552,Beloha,MG,2022-02-02 04:21:43,-25.1667,45.05,73.6,75,0,11.83
553,Pergamino,AR,2022-02-02 04:22:43,-33.89,-60.5736,73.26,61,0,8.05
554,Balad,IQ,2022-02-02 04:22:44,34.0164,44.1453,46.09,69,0,6.69
555,Shelburne,CA,2022-02-02 04:22:44,44.0787,-80.2041,37.8,76,100,19.66
556,Alenquer,BR,2022-02-02 04:22:45,-1.9417,-54.7383,79.14,96,95,3.44
557,Lashio,MM,2022-02-02 04:22:45,22.9333,97.75,66.36,36,0,2.71
558,Tooele,US,2022-02-02 04:22:45,40.5308,-112.2983,24.62,86,100,6.91
559,Huoqiu,CN,2022-02-02 04:22:46,32.3394,116.2694,40.33,54,100,6.85
560,Russkiy Kameshkir,RU,2022-02-02 04:22:46,52.8589,46.0892,13.37,98,50,7.43
561,Yatou,CN,2022-02-02 04:22:47,37.15,122.3833,35.06,41,38,9.64
562,Bertoua,CM,2022-02-02 04:22:47,4.5833,13.6833,67.46,36,84,3.06
563,Adamas,GR,2022-02-02 04:22:48,36.7333,24.4333,58.19,63,100,18.28
564,Sobolivka,UA,2022-02-02 04:22:48,49.336,28.651,18.86,93,98,6.93
565,Jagatsinghapur,IN,2022-02-02 04:22:49,20.2667,86.1667,77.36,27,0,4.27
566,Clovis,US,2022-02-02 04:18:59,36.8252,-119.7029,49.33,81,0,0.0
567,Kushiro,JP,2022-02-02 04:22:49,42.975,144.3747,31.15,51,40,8.05
568,Santa Cruz,BO,2022-02-02 04:22:49,-17.8,-63.1667,76.46,83,75,8.05
569,Cherskiy,RU,2022-02-02 04:22:50,68.75,161.3,9.68,67,100,4.92
570,Mao,ES,2022-02-02 04:22:50,39.8885,4.2658,52.36,82,0,10.36
571,Puerto Escondido,MX,2022-02-02 04:22:06,15.85,-97.0667,77.83,69,20,5.75
572,Timra,SE,2022-02-02 04:22:51,62.487,17.3257,8.31,85,100,8.05
573,Hovd,MN,2022-02-02 04:22:51,48.0056,91.6419,-2.65,83,100,2.89
574,Behshahr,IR,2022-02-02 04:22:52,36.6923,53.5526,39.15,44,0,6.26
575,Lovington,US,2022-02-02 04:22:52,32.944,-103.3485,43.79,45,85,1.99
576,Manggar,ID,2022-02-02 04:22:53,-2.8833,108.2667,87.12,59,27,4.29
577,Japura,ID,2022-02-02 04:22:53,-0.3167,102.35,84.18,73,89,0.92
578,Zyryanka,RU,2022-02-02 04:22:53,65.75,150.85,-10.73,93,99,0.92
579,Port Shepstone,ZA,2022-02-02 04:19:54,-30.7414,30.455,75.56,90,91,13.2
580,Damghan,IR,2022-02-02 04:22:54,36.1683,54.348,34.32,59,0,0.81
581,Taoudenni,ML,2022-02-02 04:22:55,22.6783,-3.9836,65.86,26,62,11.83
582,Lahad Datu,MY,2022-02-02 04:22:55,5.0268,118.327,84.76,68,53,2.15
583,Tari,NG,2022-02-02 04:22:56,12.4086,4.4914,61.2,17,88,8.9
584,Tuatapere,NZ,2022-02-02 04:22:56,-46.1333,167.6833,70.83,94,93,5.7
585,Nargana,PA,2022-02-02 04:22:57,9.4428,-78.5906,78.44,80,84,12.41
586,Herat,AF,2022-02-02 04:22:57,34.5,62.0,40.48,66,100,18.39
587,Nadym,RU,2022-02-02 04:22:58,65.5333,72.5167,-15.93,100,79,7.99
588,Sao Joao Do Piaui,BR,2022-02-02 04:22:58,-8.3581,-42.2467,72.36,61,22,2.19
